{
  "weeks": [
    {
      "tiktok": "Ever felt your mind betray you? I lived years in that storm. Map it. Journal it. Break it. #healing #discipline #MindsetCoach #BeastOfMurCreations #MoldedFortitudeConsulting #holistic #getfit #heal",
      "instagram": "Ever felt your mind betray you? I lived years in that storm. Map it. Journal it. Break it. #healing #discipline #MindsetCoach #MoldedFortitudeConsulting #BeastOfMurCreations #MoldedFortitudeConsulting #holistic #getfit #heal",
      "facebook": "Ever felt your mind betray you? I lived years in that storm. Map it. Journal it. Break it. #healing #discipline #MindsetCoach #BeastOfMurCreations #MoldedFortitudeConsulting #holistic #getfit #heal Join us: [link]",
      "linkedin": "Healing the Warrior Spirit blends trauma\u2011informed movement, cultural teachings, and disciplined practice to move people from pain to purpose.",
      "youtube": "Ever felt your mind betray you? I lived years in that storm."
    },
    {
      "tiktok": "Your anger is a tool. I used to let mine burn bridges. Now I master it. Freedom lives between stimulus and response. #healing #discipline #mindsetcoach",
      "instagram": "Your anger is a tool. I used to let mine burn bridges. Now I master it. Freedom lives between stimulus and response. #healing #discipline #mindsetcoach",
      "facebook": "Your anger is a tool. I used to let mine burn bridges. Now I master it. Freedom lives between stimulus and response. #healing #discipline #mindsetcoach Join us: [link]",
      "linkedin": "Directors and community leaders\u2014let\u2019s talk outcomes: retention, resilience, and real habit change.",
      "youtube": "Your anger is a tool."
    },
    {
      "tiktok": "Emotions are energy. I once let mine chain me to the past. Now I give them direction: one breath, one set, one rep.",
      "instagram": "Emotions are energy. I once let mine chain me to the past. Now I give them direction: one breath, one set, one rep.",
      "facebook": "Emotions are energy. I once let mine chain me to the past. Now I give them direction: one breath, one set, one rep. Join us: [link]",
      "linkedin": "Healing the Warrior Spirit blends trauma\u2011informed movement, cultural teachings, and disciplined practice to move people from pain to purpose.",
      "youtube": "Emotions are energy."
    },
    {
      "tiktok": "Know yourself. I walked the Medicine Wheel to find my center after losing everything. Stand in yours.",
      "instagram": "Know yourself. I walked the Medicine Wheel to find my center after losing everything. Stand in yours.",
      "facebook": "Know yourself. I walked the Medicine Wheel to find my center after losing everything. Stand in yours. Join us: [link]",
      "linkedin": "Directors and community leaders\u2014let\u2019s talk outcomes: retention, resilience, and real habit change.",
      "youtube": "Know yourself."
    },
    {
      "tiktok": "Your body remembers what the mind avoids. Stretch, breathe, release\u2014it\u2019s how warriors heal.",
      "instagram": "Your body remembers what the mind avoids. Stretch, breathe, release\u2014it\u2019s how warriors heal.",
      "facebook": "Your body remembers what the mind avoids. Stretch, breathe, release\u2014it\u2019s how warriors heal. Join us: [link]",
      "linkedin": "Healing the Warrior Spirit blends trauma\u2011informed movement, cultural teachings, and disciplined practice to move people from pain to purpose.",
      "youtube": "Your body remembers what the mind avoids."
    },
    {
      "tiktok": "Discipline is sacred. Each rep carries a principle: respect, courage, humility. The Seven Sacred Teachings are my training plan.",
      "instagram": "Discipline is sacred. Each rep carries a principle: respect, courage, humility. The Seven Sacred Teachings are my training plan.",
      "facebook": "Discipline is sacred. Each rep carries a principle: respect, courage, humility. The Seven Sacred Teachings are my training plan. Join us: [link]",
      "linkedin": "Directors and community leaders\u2014let\u2019s talk outcomes: retention, resilience, and real habit change.",
      "youtube": "Discipline is sacred."
    },
    {
      "tiktok": "A micro\u2011rep becomes macro change. I started with one push\u2011up in a cell. Hold the line.",
      "instagram": "A micro\u2011rep becomes macro change. I started with one push\u2011up in a cell. Hold the line.",
      "facebook": "A micro\u2011rep becomes macro change. I started with one push\u2011up in a cell. Hold the line. Join us: [link]",
      "linkedin": "Healing the Warrior Spirit blends trauma\u2011informed movement, cultural teachings, and disciplined practice to move people from pain to purpose.",
      "youtube": "A micro\u2011rep becomes macro change."
    },
    {
      "tiktok": "In silence, your body speaks truth. When I finally listened, I began to heal.",
      "instagram": "In silence, your body speaks truth. When I finally listened, I began to heal.",
      "facebook": "In silence, your body speaks truth. When I finally listened, I began to heal. Join us: [link]",
      "linkedin": "Directors and community leaders\u2014let\u2019s talk outcomes: retention, resilience, and real habit change.",
      "youtube": "In silence, your body speaks truth."
    },
    {
      "tiktok": "What drives you? I found my Ikigai in carving cedar and guiding warriors. Move with purpose.",
      "instagram": "What drives you? I found my Ikigai in carving cedar and guiding warriors. Move with purpose.",
      "facebook": "What drives you? I found my Ikigai in carving cedar and guiding warriors. Move with purpose. Join us: [link]",
      "linkedin": "Healing the Warrior Spirit blends trauma\u2011informed movement, cultural teachings, and disciplined practice to move people from pain to purpose.",
      "youtube": "What drives you? I found my Ikigai in carving cedar and guiding warriors."
    },
    {
      "tiktok": "Discipline is the forge where purpose becomes real. Wake, train, journal, repeat.",
      "instagram": "Discipline is the forge where purpose becomes real. Wake, train, journal, repeat.",
      "facebook": "Discipline is the forge where purpose becomes real. Wake, train, journal, repeat. Join us: [link]",
      "linkedin": "Directors and community leaders\u2014let\u2019s talk outcomes: retention, resilience, and real habit change.",
      "youtube": "Discipline is the forge where purpose becomes real."
    },
    {
      "tiktok": "From lost to legendary. Discipline isn\u2019t restriction\u2014it\u2019s freedom.",
      "instagram": "From lost to legendary. Discipline isn\u2019t restriction\u2014it\u2019s freedom.",
      "facebook": "From lost to legendary. Discipline isn\u2019t restriction\u2014it\u2019s freedom. Join us: [link]",
      "linkedin": "Healing the Warrior Spirit blends trauma\u2011informed movement, cultural teachings, and disciplined practice to move people from pain to purpose.",
      "youtube": "From lost to legendary."
    },
    {
      "tiktok": "Overcome yourself, master your world. Every limit pushed is a prayer answered.",
      "instagram": "Overcome yourself, master your world. Every limit pushed is a prayer answered.",
      "facebook": "Overcome yourself, master your world. Every limit pushed is a prayer answered. Join us: [link]",
      "linkedin": "Directors and community leaders\u2014let\u2019s talk outcomes: retention, resilience, and real habit change.",
      "youtube": "Overcome yourself, master your world."
    },
    {
      "tiktok": "You are more than how you sweat. You are how you stand under weight. Align.",
      "instagram": "You are more than how you sweat. You are how you stand under weight. Align.",
      "facebook": "You are more than how you sweat. You are how you stand under weight. Align. Join us: [link]",
      "linkedin": "Healing the Warrior Spirit blends trauma\u2011informed movement, cultural teachings, and disciplined practice to move people from pain to purpose.",
      "youtube": "You are more than how you sweat."
    },
    {
      "tiktok": "Feed your spirit before you fight: gratitude, journal, visualize. Learned this in the fire.",
      "instagram": "Feed your spirit before you fight: gratitude, journal, visualize. Learned this in the fire.",
      "facebook": "Feed your spirit before you fight: gratitude, journal, visualize. Learned this in the fire. Join us: [link]",
      "linkedin": "Directors and community leaders\u2014let\u2019s talk outcomes: retention, resilience, and real habit change.",
      "youtube": "Feed your spirit before you fight: gratitude, journal, visualize."
    },
    {
      "tiktok": "True transformation radiates outward. I turned pain into purpose\u2014now I mentor the next.",
      "instagram": "True transformation radiates outward. I turned pain into purpose\u2014now I mentor the next.",
      "facebook": "True transformation radiates outward. I turned pain into purpose\u2014now I mentor the next. Join us: [link]",
      "linkedin": "Healing the Warrior Spirit blends trauma\u2011informed movement, cultural teachings, and disciplined practice to move people from pain to purpose.",
      "youtube": "True transformation radiates outward."
    },
    {
      "tiktok": "This is your rebirth. Molded Fortitude is for life.",
      "instagram": "This is your rebirth. Molded Fortitude is for life.",
      "facebook": "This is your rebirth. Molded Fortitude is for life. Join us: [link]",
      "linkedin": "Directors and community leaders\u2014let\u2019s talk outcomes: retention, resilience, and real habit change.",
      "youtube": "This is your rebirth."
    },
    {
      "tiktok": "Beast of Mur carved my way out of darkness. Every cut was a confession, every finish a rebirth.",
      "instagram": "Beast of Mur carved my way out of darkness. Every cut was a confession, every finish a rebirth.",
      "facebook": "Beast of Mur carved my way out of darkness. Every cut was a confession, every finish a rebirth. Join us: [link]",
      "linkedin": "Healing the Warrior Spirit blends trauma\u2011informed movement, cultural teachings, and disciplined practice to move people from pain to purpose.",
      "youtube": "Beast of Mur carved my way out of darkness."
    },
    {
      "tiktok": "I once believed the lie: 'Broken is forever.' Truth: discipline makes you new, daily.",
      "instagram": "I once believed the lie: 'Broken is forever.' Truth: discipline makes you new, daily.",
      "facebook": "I once believed the lie: 'Broken is forever.' Truth: discipline makes you new, daily. Join us: [link]",
      "linkedin": "Directors and community leaders\u2014let\u2019s talk outcomes: retention, resilience, and real habit change.",
      "youtube": "I once believed the lie: 'Broken is forever."
    },
    {
      "tiktok": "Cultural roots aren\u2019t aesthetics\u2014they\u2019re anchors. Medicine Wheel brought me home.",
      "instagram": "Cultural roots aren\u2019t aesthetics\u2014they\u2019re anchors. Medicine Wheel brought me home.",
      "facebook": "Cultural roots aren\u2019t aesthetics\u2014they\u2019re anchors. Medicine Wheel brought me home. Join us: [link]",
      "linkedin": "Healing the Warrior Spirit blends trauma\u2011informed movement, cultural teachings, and disciplined practice to move people from pain to purpose.",
      "youtube": "Cultural roots aren\u2019t aesthetics\u2014they\u2019re anchors."
    },
    {
      "tiktok": "Mentorship is medicine. Teach one thing today; watch your community heal.",
      "instagram": "Mentorship is medicine. Teach one thing today; watch your community heal.",
      "facebook": "Mentorship is medicine. Teach one thing today; watch your community heal. Join us: [link]",
      "linkedin": "Directors and community leaders\u2014let\u2019s talk outcomes: retention, resilience, and real habit change.",
      "youtube": "Mentorship is medicine."
    },
    {
      "tiktok": "Ritual beats motivation. Breathwork, mobility, micro\u2011reps. Show up anyway.",
      "instagram": "Ritual beats motivation. Breathwork, mobility, micro\u2011reps. Show up anyway.",
      "facebook": "Ritual beats motivation. Breathwork, mobility, micro\u2011reps. Show up anyway. Join us: [link]",
      "linkedin": "Healing the Warrior Spirit blends trauma\u2011informed movement, cultural teachings, and disciplined practice to move people from pain to purpose.",
      "youtube": "Ritual beats motivation."
    },
    {
      "tiktok": "Pain taught me its language. I learned to listen and answer with action.",
      "instagram": "Pain taught me its language. I learned to listen and answer with action.",
      "facebook": "Pain taught me its language. I learned to listen and answer with action. Join us: [link]",
      "linkedin": "Directors and community leaders\u2014let\u2019s talk outcomes: retention, resilience, and real habit change.",
      "youtube": "Pain taught me its language."
    },
    {
      "tiktok": "Purpose is not found; it\u2019s forged. Heat + pressure + faith.",
      "instagram": "Purpose is not found; it\u2019s forged. Heat + pressure + faith.",
      "facebook": "Purpose is not found; it\u2019s forged. Heat + pressure + faith. Join us: [link]",
      "linkedin": "Healing the Warrior Spirit blends trauma\u2011informed movement, cultural teachings, and disciplined practice to move people from pain to purpose.",
      "youtube": "Purpose is not found; it\u2019s forged."
    },
    {
      "tiktok": "Warrior\u2019s mission: turn misfits into mentors. Start with you.",
      "instagram": "Warrior\u2019s mission: turn misfits into mentors. Start with you.",
      "facebook": "Warrior\u2019s mission: turn misfits into mentors. Start with you. Join us: [link]",
      "linkedin": "Directors and community leaders\u2014let\u2019s talk outcomes: retention, resilience, and real habit change.",
      "youtube": "Warrior\u2019s mission: turn misfits into mentors."
    }
  ]
}