{
  "weeks": [
    {
      "tiktok": "Ever felt your mind betray you? Map it. Journal it. Break it. #healing #discipline #MindsetCoach #BeastOfMurCreations #MoldedFortitudeConsulting #holistic #getfit #heal",
      "instagram": "Ever felt your mind betray you? Map it. Journal it. Break it. #healing #discipline #MindsetCoach #BeastOfMurCreations #MoldedFortitudeConsulting #holistic #getfit #heal #MoldedFortitudeConsulting",
      "facebook": "Ever felt your mind betray you? Map it. Journal it. Break it. #healing #discipline #MindsetCoach #BeastOfMurCreations #MoldedFortitudeConsulting #holistic #getfit #heal Join us: [link]",
      "linkedin": "Healing the Warrior Spirit blends trauma\u2011informed movement, cultural teachings, and disciplined practice.",
      "youtube": "Ever felt your mind betray you? Map it."
    },
    {
      "tiktok": "Your anger is a tool. Master it. Freedom lives between stimulus and response. #healing #discipline #mindsetcoach",
      "instagram": "Your anger is a tool. Master it. Freedom lives between stimulus and response. #healing #discipline #mindsetcoach #MoldedFortitudeConsulting",
      "facebook": "Your anger is a tool. Master it. Freedom lives between stimulus and response. #healing #discipline #mindsetcoach Join us: [link]",
      "linkedin": "Directors & leaders: outcomes\u2014retention, resilience, real habit change.",
      "youtube": "Your anger is a tool."
    },
    {
      "tiktok": "Emotions are energy. Give them direction: one breath, one set, one rep.",
      "instagram": "Emotions are energy. Give them direction: one breath, one set, one rep. #MoldedFortitudeConsulting",
      "facebook": "Emotions are energy. Give them direction: one breath, one set, one rep. Join us: [link]",
      "linkedin": "Healing the Warrior Spirit blends trauma\u2011informed movement, cultural teachings, and disciplined practice.",
      "youtube": "Emotions are energy."
    },
    {
      "tiktok": "Know yourself. Walk the Medicine Wheel. Stand centered.",
      "instagram": "Know yourself. Walk the Medicine Wheel. Stand centered. #MoldedFortitudeConsulting",
      "facebook": "Know yourself. Walk the Medicine Wheel. Stand centered. Join us: [link]",
      "linkedin": "Directors & leaders: outcomes\u2014retention, resilience, real habit change.",
      "youtube": "Know yourself."
    },
    {
      "tiktok": "Your body remembers what the mind avoids. Stretch, breathe, release.",
      "instagram": "Your body remembers what the mind avoids. Stretch, breathe, release. #MoldedFortitudeConsulting",
      "facebook": "Your body remembers what the mind avoids. Stretch, breathe, release. Join us: [link]",
      "linkedin": "Healing the Warrior Spirit blends trauma\u2011informed movement, cultural teachings, and disciplined practice.",
      "youtube": "Your body remembers what the mind avoids."
    },
    {
      "tiktok": "Discipline is sacred. Each rep holds respect, courage, humility.",
      "instagram": "Discipline is sacred. Each rep holds respect, courage, humility. #MoldedFortitudeConsulting",
      "facebook": "Discipline is sacred. Each rep holds respect, courage, humility. Join us: [link]",
      "linkedin": "Directors & leaders: outcomes\u2014retention, resilience, real habit change.",
      "youtube": "Discipline is sacred."
    },
    {
      "tiktok": "A micro\u2011rep becomes macro change. Hold the line.",
      "instagram": "A micro\u2011rep becomes macro change. Hold the line. #MoldedFortitudeConsulting",
      "facebook": "A micro\u2011rep becomes macro change. Hold the line. Join us: [link]",
      "linkedin": "Healing the Warrior Spirit blends trauma\u2011informed movement, cultural teachings, and disciplined practice.",
      "youtube": "A micro\u2011rep becomes macro change."
    },
    {
      "tiktok": "In silence, your body speaks truth. Listen today.",
      "instagram": "In silence, your body speaks truth. Listen today. #MoldedFortitudeConsulting",
      "facebook": "In silence, your body speaks truth. Listen today. Join us: [link]",
      "linkedin": "Directors & leaders: outcomes\u2014retention, resilience, real habit change.",
      "youtube": "In silence, your body speaks truth."
    },
    {
      "tiktok": "Find your Ikigai. Move with purpose.",
      "instagram": "Find your Ikigai. Move with purpose. #MoldedFortitudeConsulting",
      "facebook": "Find your Ikigai. Move with purpose. Join us: [link]",
      "linkedin": "Healing the Warrior Spirit blends trauma\u2011informed movement, cultural teachings, and disciplined practice.",
      "youtube": "Find your Ikigai."
    },
    {
      "tiktok": "Discipline is the forge. Wake, train, journal, repeat.",
      "instagram": "Discipline is the forge. Wake, train, journal, repeat. #MoldedFortitudeConsulting",
      "facebook": "Discipline is the forge. Wake, train, journal, repeat. Join us: [link]",
      "linkedin": "Directors & leaders: outcomes\u2014retention, resilience, real habit change.",
      "youtube": "Discipline is the forge."
    },
    {
      "tiktok": "From lost to legendary. Discipline is freedom.",
      "instagram": "From lost to legendary. Discipline is freedom. #MoldedFortitudeConsulting",
      "facebook": "From lost to legendary. Discipline is freedom. Join us: [link]",
      "linkedin": "Healing the Warrior Spirit blends trauma\u2011informed movement, cultural teachings, and disciplined practice.",
      "youtube": "From lost to legendary."
    },
    {
      "tiktok": "Overcome yourself. Every limit pushed is a prayer answered.",
      "instagram": "Overcome yourself. Every limit pushed is a prayer answered. #MoldedFortitudeConsulting",
      "facebook": "Overcome yourself. Every limit pushed is a prayer answered. Join us: [link]",
      "linkedin": "Directors & leaders: outcomes\u2014retention, resilience, real habit change.",
      "youtube": "Overcome yourself."
    },
    {
      "tiktok": "You are more than how you sweat. You are how you stand.",
      "instagram": "You are more than how you sweat. You are how you stand. #MoldedFortitudeConsulting",
      "facebook": "You are more than how you sweat. You are how you stand. Join us: [link]",
      "linkedin": "Healing the Warrior Spirit blends trauma\u2011informed movement, cultural teachings, and disciplined practice.",
      "youtube": "You are more than how you sweat."
    },
    {
      "tiktok": "Feed your spirit: gratitude, journal, visualize.",
      "instagram": "Feed your spirit: gratitude, journal, visualize. #MoldedFortitudeConsulting",
      "facebook": "Feed your spirit: gratitude, journal, visualize. Join us: [link]",
      "linkedin": "Directors & leaders: outcomes\u2014retention, resilience, real habit change.",
      "youtube": "Feed your spirit: gratitude, journal, visualize."
    },
    {
      "tiktok": "Turn pain into purpose. Mentor the next.",
      "instagram": "Turn pain into purpose. Mentor the next. #MoldedFortitudeConsulting",
      "facebook": "Turn pain into purpose. Mentor the next. Join us: [link]",
      "linkedin": "Healing the Warrior Spirit blends trauma\u2011informed movement, cultural teachings, and disciplined practice.",
      "youtube": "Turn pain into purpose."
    },
    {
      "tiktok": "This is your rebirth. Molded Fortitude for life.",
      "instagram": "This is your rebirth. Molded Fortitude for life. #MoldedFortitudeConsulting",
      "facebook": "This is your rebirth. Molded Fortitude for life. Join us: [link]",
      "linkedin": "Directors & leaders: outcomes\u2014retention, resilience, real habit change.",
      "youtube": "This is your rebirth."
    },
    {
      "tiktok": "Beast of Mur: every cut a confession; every finish a rebirth.",
      "instagram": "Beast of Mur: every cut a confession; every finish a rebirth. #MoldedFortitudeConsulting",
      "facebook": "Beast of Mur: every cut a confession; every finish a rebirth. Join us: [link]",
      "linkedin": "Healing the Warrior Spirit blends trauma\u2011informed movement, cultural teachings, and disciplined practice.",
      "youtube": "Beast of Mur: every cut a confession; every finish a rebirth."
    },
    {
      "tiktok": "Not broken. Rebuilt daily by discipline.",
      "instagram": "Not broken. Rebuilt daily by discipline. #MoldedFortitudeConsulting",
      "facebook": "Not broken. Rebuilt daily by discipline. Join us: [link]",
      "linkedin": "Directors & leaders: outcomes\u2014retention, resilience, real habit change.",
      "youtube": "Not broken."
    },
    {
      "tiktok": "Roots are anchors. Medicine Wheel brought me home.",
      "instagram": "Roots are anchors. Medicine Wheel brought me home. #MoldedFortitudeConsulting",
      "facebook": "Roots are anchors. Medicine Wheel brought me home. Join us: [link]",
      "linkedin": "Healing the Warrior Spirit blends trauma\u2011informed movement, cultural teachings, and disciplined practice.",
      "youtube": "Roots are anchors."
    },
    {
      "tiktok": "Mentorship is medicine. Teach one thing today.",
      "instagram": "Mentorship is medicine. Teach one thing today. #MoldedFortitudeConsulting",
      "facebook": "Mentorship is medicine. Teach one thing today. Join us: [link]",
      "linkedin": "Directors & leaders: outcomes\u2014retention, resilience, real habit change.",
      "youtube": "Mentorship is medicine."
    },
    {
      "tiktok": "Ritual beats motivation. Breath, mobility, micro\u2011reps.",
      "instagram": "Ritual beats motivation. Breath, mobility, micro\u2011reps. #MoldedFortitudeConsulting",
      "facebook": "Ritual beats motivation. Breath, mobility, micro\u2011reps. Join us: [link]",
      "linkedin": "Healing the Warrior Spirit blends trauma\u2011informed movement, cultural teachings, and disciplined practice.",
      "youtube": "Ritual beats motivation."
    },
    {
      "tiktok": "Pain taught me its language. I answered with action.",
      "instagram": "Pain taught me its language. I answered with action. #MoldedFortitudeConsulting",
      "facebook": "Pain taught me its language. I answered with action. Join us: [link]",
      "linkedin": "Directors & leaders: outcomes\u2014retention, resilience, real habit change.",
      "youtube": "Pain taught me its language."
    },
    {
      "tiktok": "Purpose is forged: heat, pressure, faith.",
      "instagram": "Purpose is forged: heat, pressure, faith. #MoldedFortitudeConsulting",
      "facebook": "Purpose is forged: heat, pressure, faith. Join us: [link]",
      "linkedin": "Healing the Warrior Spirit blends trauma\u2011informed movement, cultural teachings, and disciplined practice.",
      "youtube": "Purpose is forged: heat, pressure, faith."
    },
    {
      "tiktok": "Warrior\u2019s mission: turn misfits into mentors.",
      "instagram": "Warrior\u2019s mission: turn misfits into mentors. #MoldedFortitudeConsulting",
      "facebook": "Warrior\u2019s mission: turn misfits into mentors. Join us: [link]",
      "linkedin": "Directors & leaders: outcomes\u2014retention, resilience, real habit change.",
      "youtube": "Warrior\u2019s mission: turn misfits into mentors."
    }
  ]
}