network,post_type,date,time,content_url,caption
TikTok,video,2025-08-13,09:00,{{WK01_TT}},Ever felt your mind betray you? Map it. Journal it. Break it. #healing #discipline #MindsetCoach #BeastOfMurCreations #MoldedFortitudeConsulting #holistic #getfit #heal
Instagram,video,2025-08-15,11:00,{{WK01_IG}},Ever felt your mind betray you? Map it. Journal it. Break it. #healing #discipline #MindsetCoach #BeastOfMurCreations #MoldedFortitudeConsulting #holistic #getfit #heal #MoldedFortitudeConsulting
Facebook,video,2025-08-15,11:00,{{WK01_FB}},Ever felt your mind betray you? Map it. Journal it. Break it. #healing #discipline #MindsetCoach #BeastOfMurCreations #MoldedFortitudeConsulting #holistic #getfit #heal Join us: [link]
LinkedIn,video,2025-08-14,09:00,{{WK01_LI}},"Healing the Warrior Spirit blends trauma‑informed movement, cultural teachings, and disciplined practice."
YouTube,video,2025-08-17,10:00,{{WK01_YT}},Ever felt your mind betray you? Map it.
TikTok,video,2025-08-20,09:00,{{WK02_TT}},Your anger is a tool. Master it. Freedom lives between stimulus and response. #healing #discipline #mindsetcoach
Instagram,video,2025-08-22,11:00,{{WK02_IG}},Your anger is a tool. Master it. Freedom lives between stimulus and response. #healing #discipline #mindsetcoach #MoldedFortitudeConsulting
Facebook,video,2025-08-22,11:00,{{WK02_FB}},Your anger is a tool. Master it. Freedom lives between stimulus and response. #healing #discipline #mindsetcoach Join us: [link]
LinkedIn,video,2025-08-21,09:00,{{WK02_LI}},"Directors & leaders: outcomes—retention, resilience, real habit change."
YouTube,video,2025-08-24,10:00,{{WK02_YT}},Your anger is a tool.
TikTok,video,2025-08-27,09:00,{{WK03_TT}},"Emotions are energy. Give them direction: one breath, one set, one rep."
Instagram,video,2025-08-29,11:00,{{WK03_IG}},"Emotions are energy. Give them direction: one breath, one set, one rep. #MoldedFortitudeConsulting"
Facebook,video,2025-08-29,11:00,{{WK03_FB}},"Emotions are energy. Give them direction: one breath, one set, one rep. Join us: [link]"
LinkedIn,video,2025-08-28,09:00,{{WK03_LI}},"Healing the Warrior Spirit blends trauma‑informed movement, cultural teachings, and disciplined practice."
YouTube,video,2025-08-31,10:00,{{WK03_YT}},Emotions are energy.
TikTok,video,2025-09-03,09:00,{{WK04_TT}},Know yourself. Walk the Medicine Wheel. Stand centered.
Instagram,video,2025-09-05,11:00,{{WK04_IG}},Know yourself. Walk the Medicine Wheel. Stand centered. #MoldedFortitudeConsulting
Facebook,video,2025-09-05,11:00,{{WK04_FB}},Know yourself. Walk the Medicine Wheel. Stand centered. Join us: [link]
LinkedIn,video,2025-09-04,09:00,{{WK04_LI}},"Directors & leaders: outcomes—retention, resilience, real habit change."
YouTube,video,2025-09-07,10:00,{{WK04_YT}},Know yourself.
TikTok,video,2025-09-10,09:00,{{WK05_TT}},"Your body remembers what the mind avoids. Stretch, breathe, release."
Instagram,video,2025-09-12,11:00,{{WK05_IG}},"Your body remembers what the mind avoids. Stretch, breathe, release. #MoldedFortitudeConsulting"
Facebook,video,2025-09-12,11:00,{{WK05_FB}},"Your body remembers what the mind avoids. Stretch, breathe, release. Join us: [link]"
LinkedIn,video,2025-09-11,09:00,{{WK05_LI}},"Healing the Warrior Spirit blends trauma‑informed movement, cultural teachings, and disciplined practice."
YouTube,video,2025-09-14,10:00,{{WK05_YT}},Your body remembers what the mind avoids.
TikTok,video,2025-09-17,09:00,{{WK06_TT}},"Discipline is sacred. Each rep holds respect, courage, humility."
Instagram,video,2025-09-19,11:00,{{WK06_IG}},"Discipline is sacred. Each rep holds respect, courage, humility. #MoldedFortitudeConsulting"
Facebook,video,2025-09-19,11:00,{{WK06_FB}},"Discipline is sacred. Each rep holds respect, courage, humility. Join us: [link]"
LinkedIn,video,2025-09-18,09:00,{{WK06_LI}},"Directors & leaders: outcomes—retention, resilience, real habit change."
YouTube,video,2025-09-21,10:00,{{WK06_YT}},Discipline is sacred.
TikTok,video,2025-09-24,09:00,{{WK07_TT}},A micro‑rep becomes macro change. Hold the line.
Instagram,video,2025-09-26,11:00,{{WK07_IG}},A micro‑rep becomes macro change. Hold the line. #MoldedFortitudeConsulting
Facebook,video,2025-09-26,11:00,{{WK07_FB}},A micro‑rep becomes macro change. Hold the line. Join us: [link]
LinkedIn,video,2025-09-25,09:00,{{WK07_LI}},"Healing the Warrior Spirit blends trauma‑informed movement, cultural teachings, and disciplined practice."
YouTube,video,2025-09-28,10:00,{{WK07_YT}},A micro‑rep becomes macro change.
TikTok,video,2025-10-01,09:00,{{WK08_TT}},"In silence, your body speaks truth. Listen today."
Instagram,video,2025-10-03,11:00,{{WK08_IG}},"In silence, your body speaks truth. Listen today. #MoldedFortitudeConsulting"
Facebook,video,2025-10-03,11:00,{{WK08_FB}},"In silence, your body speaks truth. Listen today. Join us: [link]"
LinkedIn,video,2025-10-02,09:00,{{WK08_LI}},"Directors & leaders: outcomes—retention, resilience, real habit change."
YouTube,video,2025-10-05,10:00,{{WK08_YT}},"In silence, your body speaks truth."
TikTok,video,2025-10-08,09:00,{{WK09_TT}},Find your Ikigai. Move with purpose.
Instagram,video,2025-10-10,11:00,{{WK09_IG}},Find your Ikigai. Move with purpose. #MoldedFortitudeConsulting
Facebook,video,2025-10-10,11:00,{{WK09_FB}},Find your Ikigai. Move with purpose. Join us: [link]
LinkedIn,video,2025-10-09,09:00,{{WK09_LI}},"Healing the Warrior Spirit blends trauma‑informed movement, cultural teachings, and disciplined practice."
YouTube,video,2025-10-12,10:00,{{WK09_YT}},Find your Ikigai.
TikTok,video,2025-10-15,09:00,{{WK10_TT}},"Discipline is the forge. Wake, train, journal, repeat."
Instagram,video,2025-10-17,11:00,{{WK10_IG}},"Discipline is the forge. Wake, train, journal, repeat. #MoldedFortitudeConsulting"
Facebook,video,2025-10-17,11:00,{{WK10_FB}},"Discipline is the forge. Wake, train, journal, repeat. Join us: [link]"
LinkedIn,video,2025-10-16,09:00,{{WK10_LI}},"Directors & leaders: outcomes—retention, resilience, real habit change."
YouTube,video,2025-10-19,10:00,{{WK10_YT}},Discipline is the forge.
TikTok,video,2025-10-22,09:00,{{WK11_TT}},From lost to legendary. Discipline is freedom.
Instagram,video,2025-10-24,11:00,{{WK11_IG}},From lost to legendary. Discipline is freedom. #MoldedFortitudeConsulting
Facebook,video,2025-10-24,11:00,{{WK11_FB}},From lost to legendary. Discipline is freedom. Join us: [link]
LinkedIn,video,2025-10-23,09:00,{{WK11_LI}},"Healing the Warrior Spirit blends trauma‑informed movement, cultural teachings, and disciplined practice."
YouTube,video,2025-10-26,10:00,{{WK11_YT}},From lost to legendary.
TikTok,video,2025-10-29,09:00,{{WK12_TT}},Overcome yourself. Every limit pushed is a prayer answered.
Instagram,video,2025-10-31,11:00,{{WK12_IG}},Overcome yourself. Every limit pushed is a prayer answered. #MoldedFortitudeConsulting
Facebook,video,2025-10-31,11:00,{{WK12_FB}},Overcome yourself. Every limit pushed is a prayer answered. Join us: [link]
LinkedIn,video,2025-10-30,09:00,{{WK12_LI}},"Directors & leaders: outcomes—retention, resilience, real habit change."
YouTube,video,2025-11-02,10:00,{{WK12_YT}},Overcome yourself.
TikTok,video,2025-11-05,09:00,{{WK13_TT}},You are more than how you sweat. You are how you stand.
Instagram,video,2025-11-07,11:00,{{WK13_IG}},You are more than how you sweat. You are how you stand. #MoldedFortitudeConsulting
Facebook,video,2025-11-07,11:00,{{WK13_FB}},You are more than how you sweat. You are how you stand. Join us: [link]
LinkedIn,video,2025-11-06,09:00,{{WK13_LI}},"Healing the Warrior Spirit blends trauma‑informed movement, cultural teachings, and disciplined practice."
YouTube,video,2025-11-09,10:00,{{WK13_YT}},You are more than how you sweat.
TikTok,video,2025-11-12,09:00,{{WK14_TT}},"Feed your spirit: gratitude, journal, visualize."
Instagram,video,2025-11-14,11:00,{{WK14_IG}},"Feed your spirit: gratitude, journal, visualize. #MoldedFortitudeConsulting"
Facebook,video,2025-11-14,11:00,{{WK14_FB}},"Feed your spirit: gratitude, journal, visualize. Join us: [link]"
LinkedIn,video,2025-11-13,09:00,{{WK14_LI}},"Directors & leaders: outcomes—retention, resilience, real habit change."
YouTube,video,2025-11-16,10:00,{{WK14_YT}},"Feed your spirit: gratitude, journal, visualize."
TikTok,video,2025-11-19,09:00,{{WK15_TT}},Turn pain into purpose. Mentor the next.
Instagram,video,2025-11-21,11:00,{{WK15_IG}},Turn pain into purpose. Mentor the next. #MoldedFortitudeConsulting
Facebook,video,2025-11-21,11:00,{{WK15_FB}},Turn pain into purpose. Mentor the next. Join us: [link]
LinkedIn,video,2025-11-20,09:00,{{WK15_LI}},"Healing the Warrior Spirit blends trauma‑informed movement, cultural teachings, and disciplined practice."
YouTube,video,2025-11-23,10:00,{{WK15_YT}},Turn pain into purpose.
TikTok,video,2025-11-26,09:00,{{WK16_TT}},This is your rebirth. Molded Fortitude for life.
Instagram,video,2025-11-28,11:00,{{WK16_IG}},This is your rebirth. Molded Fortitude for life. #MoldedFortitudeConsulting
Facebook,video,2025-11-28,11:00,{{WK16_FB}},This is your rebirth. Molded Fortitude for life. Join us: [link]
LinkedIn,video,2025-11-27,09:00,{{WK16_LI}},"Directors & leaders: outcomes—retention, resilience, real habit change."
YouTube,video,2025-11-30,10:00,{{WK16_YT}},This is your rebirth.
TikTok,video,2025-12-03,09:00,{{WK17_TT}},Beast of Mur: every cut a confession; every finish a rebirth.
Instagram,video,2025-12-05,11:00,{{WK17_IG}},Beast of Mur: every cut a confession; every finish a rebirth. #MoldedFortitudeConsulting
Facebook,video,2025-12-05,11:00,{{WK17_FB}},Beast of Mur: every cut a confession; every finish a rebirth. Join us: [link]
LinkedIn,video,2025-12-04,09:00,{{WK17_LI}},"Healing the Warrior Spirit blends trauma‑informed movement, cultural teachings, and disciplined practice."
YouTube,video,2025-12-07,10:00,{{WK17_YT}},Beast of Mur: every cut a confession; every finish a rebirth.
TikTok,video,2025-12-10,09:00,{{WK18_TT}},Not broken. Rebuilt daily by discipline.
Instagram,video,2025-12-12,11:00,{{WK18_IG}},Not broken. Rebuilt daily by discipline. #MoldedFortitudeConsulting
Facebook,video,2025-12-12,11:00,{{WK18_FB}},Not broken. Rebuilt daily by discipline. Join us: [link]
LinkedIn,video,2025-12-11,09:00,{{WK18_LI}},"Directors & leaders: outcomes—retention, resilience, real habit change."
YouTube,video,2025-12-14,10:00,{{WK18_YT}},Not broken.
TikTok,video,2025-12-17,09:00,{{WK19_TT}},Roots are anchors. Medicine Wheel brought me home.
Instagram,video,2025-12-19,11:00,{{WK19_IG}},Roots are anchors. Medicine Wheel brought me home. #MoldedFortitudeConsulting
Facebook,video,2025-12-19,11:00,{{WK19_FB}},Roots are anchors. Medicine Wheel brought me home. Join us: [link]
LinkedIn,video,2025-12-18,09:00,{{WK19_LI}},"Healing the Warrior Spirit blends trauma‑informed movement, cultural teachings, and disciplined practice."
YouTube,video,2025-12-21,10:00,{{WK19_YT}},Roots are anchors.
TikTok,video,2025-12-24,09:00,{{WK20_TT}},Mentorship is medicine. Teach one thing today.
Instagram,video,2025-12-26,11:00,{{WK20_IG}},Mentorship is medicine. Teach one thing today. #MoldedFortitudeConsulting
Facebook,video,2025-12-26,11:00,{{WK20_FB}},Mentorship is medicine. Teach one thing today. Join us: [link]
LinkedIn,video,2025-12-25,09:00,{{WK20_LI}},"Directors & leaders: outcomes—retention, resilience, real habit change."
YouTube,video,2025-12-28,10:00,{{WK20_YT}},Mentorship is medicine.
TikTok,video,2025-12-31,09:00,{{WK21_TT}},"Ritual beats motivation. Breath, mobility, micro‑reps."
Instagram,video,2026-01-02,11:00,{{WK21_IG}},"Ritual beats motivation. Breath, mobility, micro‑reps. #MoldedFortitudeConsulting"
Facebook,video,2026-01-02,11:00,{{WK21_FB}},"Ritual beats motivation. Breath, mobility, micro‑reps. Join us: [link]"
LinkedIn,video,2026-01-01,09:00,{{WK21_LI}},"Healing the Warrior Spirit blends trauma‑informed movement, cultural teachings, and disciplined practice."
YouTube,video,2026-01-04,10:00,{{WK21_YT}},Ritual beats motivation.
TikTok,video,2026-01-07,09:00,{{WK22_TT}},Pain taught me its language. I answered with action.
Instagram,video,2026-01-09,11:00,{{WK22_IG}},Pain taught me its language. I answered with action. #MoldedFortitudeConsulting
Facebook,video,2026-01-09,11:00,{{WK22_FB}},Pain taught me its language. I answered with action. Join us: [link]
LinkedIn,video,2026-01-08,09:00,{{WK22_LI}},"Directors & leaders: outcomes—retention, resilience, real habit change."
YouTube,video,2026-01-11,10:00,{{WK22_YT}},Pain taught me its language.
TikTok,video,2026-01-14,09:00,{{WK23_TT}},"Purpose is forged: heat, pressure, faith."
Instagram,video,2026-01-16,11:00,{{WK23_IG}},"Purpose is forged: heat, pressure, faith. #MoldedFortitudeConsulting"
Facebook,video,2026-01-16,11:00,{{WK23_FB}},"Purpose is forged: heat, pressure, faith. Join us: [link]"
LinkedIn,video,2026-01-15,09:00,{{WK23_LI}},"Healing the Warrior Spirit blends trauma‑informed movement, cultural teachings, and disciplined practice."
YouTube,video,2026-01-18,10:00,{{WK23_YT}},"Purpose is forged: heat, pressure, faith."
TikTok,video,2026-01-21,09:00,{{WK24_TT}},Warrior’s mission: turn misfits into mentors.
Instagram,video,2026-01-23,11:00,{{WK24_IG}},Warrior’s mission: turn misfits into mentors. #MoldedFortitudeConsulting
Facebook,video,2026-01-23,11:00,{{WK24_FB}},Warrior’s mission: turn misfits into mentors. Join us: [link]
LinkedIn,video,2026-01-22,09:00,{{WK24_LI}},"Directors & leaders: outcomes—retention, resilience, real habit change."
YouTube,video,2026-01-25,10:00,{{WK24_YT}},Warrior’s mission: turn misfits into mentors.
